Workbook

Sheet Dashboard
B2: HWR Berlin — International Business Management
B3: Application & Relocation Tracker | Target intake: October 2027
B5: Today's date: | C5: =TODAY() -> 46265
B6: Target application submission: | C6: 46539
B7: Days remaining: | C7: =C6-C5 -> 274
B9: Total Tasks | C9: Completed | D9: In Progress | E9: Blocked | F9: Not Started | G9: % Complete | I9: Status | J9: Count
B10: =COUNTA('Master Tracker'!C6:C200) -> 30 | C10: =COUNTIF('Master Tracker'!G6:G200,"Done") -> 0 | D10: =COUNTIF('Master Tracker'!G6:G200,"In Progress") -> 0 | E10: =COUNTIF('Master Tracker'!G6:G200,"Blocked") -> 0 | F10: =COUNTIF('Master Tracker'!G6:G200,"Not Started") -> 30 | G10: =IFERROR(C10/B10,0) -> 0 | I10: Done | J10: =COUNTIF('Master Tracker'!$G$6:$G$200,"Done") -> 0
I11: In Progress | J11: =COUNTIF('Master Tracker'!$G$6:$G$200,"In Progress") -> 0
I12: Blocked | J12: =COUNTIF('Master Tracker'!$G$6:$G$200,"Blocked") -> 0
I13: Not Started | J13: =COUNTIF('Master Tracker'!$G$6:$G$200,"Not Started") -> 30
B14: Overall Progress | C14: =G10 -> 0
B17: Progress by Category
B18: Category | C18: Total | D18: Done | E18: % Done
B19: Documents & Transcripts | C19: =COUNTIF('Master Tracker'!$D$6:$D$200,B19) -> 5 | D19: =COUNTIFS('Master Tracker'!$D$6:$D$200,B19,'Master Tracker'!$G$6:$G$200,"Done") -> 0 | E19: =IFERROR(D19/C19,0) -> 0
B20: German Language | C20: =COUNTIF('Master Tracker'!$D$6:$D$200,B20) -> 3 | D20: =COUNTIFS('Master Tracker'!$D$6:$D$200,B20,'Master Tracker'!$G$6:$G$200,"Done") -> 0 | E20: =IFERROR(D20/C20,0) -> 0
B21: English Proof | C21: =COUNTIF('Master Tracker'!$D$6:$D$200,B21) -> 4 | D21: =COUNTIFS('Master Tracker'!$D$6:$D$200,B21,'Master Tracker'!$G$6:$G$200,"Done") -> 0 | E21: =IFERROR(D21/C21,0) -> 0
B22: uni-assist Application | C22: =COUNTIF('Master Tracker'!$D$6:$D$200,B22) -> 6 | D22: =COUNTIFS('Master Tracker'!$D$6:$D$200,B22,'Master Tracker'!$G$6:$G$200,"Done") -> 0 | E22: =IFERROR(D22/C22,0) -> 0
B23: HWR Application | C23: =COUNTIF('Master Tracker'!$D$6:$D$200,B23) -> 6 | D23: =COUNTIFS('Master Tracker'!$D$6:$D$200,B23,'Master Tracker'!$G$6:$G$200,"Done") -> 0 | E23: =IFERROR(D23/C23,0) -> 0
B24: Visa & Relocation | C24: =COUNTIF('Master Tracker'!$D$6:$D$200,B24) -> 5 | D24: =COUNTIFS('Master Tracker'!$D$6:$D$200,B24,'Master Tracker'!$G$6:$G$200,"Done") -> 0 | E24: =IFERROR(D24/C24,0) -> 0
B25: Spouse / Family | C25: =COUNTIF('Master Tracker'!$D$6:$D$200,B25) -> 1 | D25: =COUNTIFS('Master Tracker'!$D$6:$D$200,B25,'Master Tracker'!$G$6:$G$200,"Done") -> 0 | E25: =IFERROR(D25/C25,0) -> 0

Sheet Master Tracker
B2: Master Task Tracker
B3: Update the Status column (dropdown) as you progress. Dashboard updates automatically.
B5: Phase | C5: Task | D5: Category | E5: Start Date | F5: Target Date | G5: Status | H5: Priority | I5: % Done | J5: Notes
B6: Phase 1: Sep-Dec 2026 | C6: Request Nnamdi Azikiwe University transcript | D6: Documents & Transcripts | E6: 46266 | F6: 46310 | G6: Not Started | H6: High | I6: =IF(G6="Done",1,IF(G6="In Progress",0.5,IF(G6="Blocked",0.25,0))) -> 0
B7: Phase 1: Sep-Dec 2026 | C7: Locate WAEC/NECO certificate & results | D7: Documents & Transcripts | E7: 46266 | F7: 46295 | G7: Not Started | H7: High | I7: =IF(G7="Done",1,IF(G7="In Progress",0.5,IF(G7="Blocked",0.25,0))) -> 0
B8: Phase 1: Sep-Dec 2026 | C8: Request BYU-Pathway certificate & academic record | D8: Documents & Transcripts | E8: 46266 | F8: 46310 | G8: Not Started | H8: High | I8: =IF(G8="Done",1,IF(G8="In Progress",0.5,IF(G8="Blocked",0.25,0))) -> 0
B9: Phase 1: Sep-Dec 2026 | C9: Request BYU-Idaho official transcript | D9: Documents & Transcripts | E9: 46266 | F9: 46310 | G9: Not Started | H9: High | I9: =IF(G9="Done",1,IF(G9="In Progress",0.5,IF(G9="Blocked",0.25,0))) -> 0
B10: Phase 1: Sep-Dec 2026 | C10: Gather passport & CV | D10: Documents & Transcripts | E10: 46266 | F10: 46280 | G10: Not Started | H10: Medium | I10: =IF(G10="Done",1,IF(G10="In Progress",0.5,IF(G10="Blocked",0.25,0))) -> 0
B11: Phase 1: Sep-Dec 2026 | C11: Create uni-assist account | D11: uni-assist Application | E11: 46280 | F11: 46296 | G11: Not Started | H11: High | I11: =IF(G11="Done",1,IF(G11="In Progress",0.5,IF(G11="Blocked",0.25,0))) -> 0
B12: Phase 1: Sep-Dec 2026 | C12: Enter Nnamdi Azikiwe University in uni-assist | D12: uni-assist Application | E12: 46296 | F12: 46326 | G12: Not Started | H12: Medium | I12: =IF(G12="Done",1,IF(G12="In Progress",0.5,IF(G12="Blocked",0.25,0))) -> 0
B13: Phase 1: Sep-Dec 2026 | C13: Enter BYU-Pathway in uni-assist | D13: uni-assist Application | E13: 46296 | F13: 46326 | G13: Not Started | H13: Medium | I13: =IF(G13="Done",1,IF(G13="In Progress",0.5,IF(G13="Blocked",0.25,0))) -> 0
B14: Phase 1: Sep-Dec 2026 | C14: Enter BYU-Idaho credits in uni-assist | D14: uni-assist Application | E14: 46296 | F14: 46326 | G14: Not Started | H14: Medium | I14: =IF(G14="Done",1,IF(G14="In Progress",0.5,IF(G14="Blocked",0.25,0))) -> 0
B15: Phase 1: Sep-Dec 2026 | C15: Start German course toward A1 | D15: German Language | E15: 46266 | F15: 46387 | G15: Not Started | H15: High | I15: =IF(G15="Done",1,IF(G15="In Progress",0.5,IF(G15="Blocked",0.25,0))) -> 0
B16: Phase 1: Sep-Dec 2026 | C16: Confirm HWR entrance eligibility route (uni-assist evaluation) | D16: uni-assist Application | E16: 46327 | F16: 46371 | G16: Not Started | H16: High | I16: =IF(G16="Done",1,IF(G16="In Progress",0.5,IF(G16="Blocked",0.25,0))) -> 0
B17: Phase 2: Jan-Mar 2027 | C17: Reach German A2 | D17: German Language | E17: 46388 | F17: 46477 | G17: Not Started | H17: High | I17: =IF(G17="Done",1,IF(G17="In Progress",0.5,IF(G17="Blocked",0.25,0))) -> 0
... B35: Phase 5: Post-Admission | C35: Plan wife's dependent / family reunification visa | D35: Spouse / Family | E35: 46614 | F35: 46675 | G35: Not Started | H35: High | I35: =IF(G35="Done",1,IF(G35="In Progress",0.5,IF(G35="Blocked",0.25,0))) -> 0

Sheet Documents Checklist
B2: Document Checklist
B3: Every item uni-assist / HWR may request. Mark Status as you obtain each.
B5: Document | C5: Required For | D5: Status | E5: Priority | F5: Notes
B6: Passport (valid, with copies) | C6: uni-assist, Visa | D6: Not Obtained | E6: High
B7: WAEC/NECO certificate & results | C7: uni-assist entrance evaluation | D7: Not Obtained | E7: High
B8: Nnamdi Azikiwe University transcript | C8: uni-assist entrance evaluation | D8: Not Obtained | E8: High | F8: 1 year completed
B9: Nnamdi Azikiwe University admission letter (if available) | C9: uni-assist entrance evaluation | D9: Not Obtained | E9: Medium
B10: BYU-Pathway certificate | C10: uni-assist entrance evaluation | D10: Not Obtained | E10: High
B11: BYU-Pathway academic record | C11: uni-assist entrance evaluation | D11: Not Obtained | E11: High
B12: BYU-Idaho official transcript | C12: uni-assist entrance evaluation | D12: Not Obtained | E12: High | F12: Credits earned, degree not completed
B13: BYU-Idaho admission evidence | C13: uni-assist entrance evaluation | D13: Not Obtained | E13: Medium
B14: CV / resume | C14: uni-assist, HWR | D14: Not Obtained | E14: Medium
B15: Motivation letter | C15: HWR application | D15: Not Obtained | E15: Medium | F15: Entrepreneurship -> tech -> IBM narrative
B16: German language certificate (A2 minimum) | C16: HWR application | D16: Not Obtained | E16: High | F16: Target B1 before travel
B17: English B2 proof (IELTS/TOEFL or equivalent) | C17: HWR application | D17: Not Obtained | E17: High | F17: Confirm exact HWR policy first
B18: Certified translations of non-English/German documents | C18: uni-assist, HWR | D18: Not Obtained | E18: Medium
B19: Admission letter from HWR | C19: Visa application | D19: Not Obtained | E19: High | F19: Issued after acceptance
B20: Proof of financial resources (blocked account) | C20: Visa application | D20: Not Obtained | E20: High
B21: German health insurance confirmation | C21: Visa application | D21: Not Obtained | E21: Medium
B22: Accommodation confirmation in Berlin | C22: Visa application | D22: Not Obtained | E22: Medium
B23: Marriage certificate | C23: Spouse dependent visa | D23: Not Obtained | E23: High
B24: Spouse's passport & documents | C24: Spouse dependent visa | D24: Not Obtained | E24: High
B26: Documents Obtained: | C26: =COUNTIF(D6:D24,"Obtained")&" / "&COUNTA(B6:B24) -> 0 / 19

Sheet Language Progress
B2: Language Progress Tracker
B3: German A2 minimum required by HWR; English B2 required. Track milestones here.
B5: Language | C5: Milestone | D5: Target Date | E5: Achieved Date | F5: Status | G5: Notes
B6: German | C6: A1 | D6: 46387 | F6: Not Started
B7: German | C7: A2 (HWR minimum) | D7: 46477 | F7: Not Started | G7: Required for admission
B8: German | C8: B1 (recommended) | D8: 46568 | F8: Not Started | G8: Stretch goal before travel
B9: English | C9: Confirm HWR's exact B2 evidence policy | D9: 46418 | F9: Not Started
B10: English | C10: IELTS registration | D10: 46433 | F10: Not Started
B11: English | C11: IELTS exam sat | D11: 46461 | F11: Not Started | G11: Target score 6.0-6.5
B12: English | C12: IELTS results received | D12: 46477 | F12: Not Started

Sheet Key Dates
B2: Key Dates & Deadlines
B4: Milestone | C4: Date | D4: Days Remaining | E4: Notes
B5: German A1 target | C5: 46387 | D5: =C5-TODAY() -> 122 | E5: Language school / self-study milestone
B6: German A2 target (HWR minimum) | C6: 46477 | D6: =C6-TODAY() -> 212 | E6: Required by HWR
B7: IELTS exam window | C7: 46461 | D7: =C7-TODAY() -> 196 | E7: Target score 6.0-6.5
B8: Document folder complete | C8: 46507 | D8: =C8-TODAY() -> 242 | E8: All originals, copies & translations ready
B9: German B1 stretch target | C9: 46568 | D9: =C9-TODAY() -> 303 | E9: Recommended, not required
B10: HWR/uni-assist application window opens | C10: 46539 | D10: =C10-TODAY() -> 274 | E10: Official window: 1 Jun - 15 Jul
B11: Personal submission deadline | C11: 46539 | D11: =C11-TODAY() -> 274 | E11: Submit early, don't wait for 15 Jul
B12: Official application deadline | C12: 46583 | D12: =C12-TODAY() -> 318 | E12: Hard deadline for winter semester
B13: Expected admission decision | C13: 46630 | D13: =C13-TODAY() -> 365 | E13: Estimate — confirm with HWR
B14: Student visa application | C14: 46660 | D14: =C14-TODAY() -> 395 | E14: After admission letter received
B15: Target arrival in Berlin | C15: 46661 | D15: =C15-TODAY() -> 396 | E15: Before October 2027 intake
